{
  "project_info": {
    "project_number": "134927287554",
    "project_id": "laza-ecommerce-80646",
    "storage_bucket": "laza-ecommerce-80646.firebasestorage.app"
  },
  "client": [
    {
      "client_info": {
        "mobilesdk_app_id": "1:134927287554:android:4d211634749003af892e1b",
        "android_client_info": {
          "package_name": "com.example.shop_app"
        }
      },
      "oauth_client": [],
      "api_key": [
        {
          "current_key": "AIzaSyD-bSA-mAnTva9bVJGv0Kk23XIQ0cHfRRk"
        }
      ],
      "services": {
        "appinvite_service": {
          "other_platform_oauth_client": []
        }
      }
    },
    {
      "client_info": {
        "mobilesdk_app_id": "1:134927287554:android:0dd9884e7dc040bf892e1b",
        "android_client_info": {
          "package_name": "com.laza.laza"
        }
      },
      "oauth_client": [],
      "api_key": [
        {
          "current_key": "AIzaSyD-bSA-mAnTva9bVJGv0Kk23XIQ0cHfRRk"
        }
      ],
      "services": {
        "appinvite_service": {
          "other_platform_oauth_client": []
        }
      }
    }
  ],
  "configuration_version": "1"
}